40,GET,11,v1/org/usa/whatnow,2023-01-20 01:47:23
41,GET,11,v1/org/usa/whatnow,2023-01-20 01:47:24
42,GET,11,v1/org/usa/whatnow,2023-01-20 01:47:25
43,GET,1,v1/org/usa/whatnow,2023-01-20 09:21:31
44,GET,1,v1/org/usa/whatnow,2023-01-20 09:21:33
45,GET,1,v1/org/usa/whatnow,2023-01-20 09:21:34
46,GET,1,v1/org/usa/whatnow,2023-01-20 09:21:32
47,GET,1,v1/org/usa/whatnow,2023-01-20 09:28:06
48,GET,1,v1/org/usa/whatnow,2023-01-20 09:44:45
49,GET,1,v1/org/usa/whatnow,2023-01-20 09:44:46
50,GET,1,v1/org/usa/whatnow,2023-01-20 10:11:13
51,GET,1,v1/org/usa/whatnow,2023-01-20 10:11:18
52,GET,1,v1/org/usa/whatnow,2023-01-20 10:11:25
53,GET,1,v1/org/usa/whatnow,2023-01-20 13:07:03
54,GET,1,v1/org/gbr/whatnow,2023-01-20 13:07:12
55,GET,1,v1/org/gbr/whatnow,2023-01-20 13:07:13
56,GET,5,v1/org/gbr/whatnow,2023-01-20 13:22:05
57,GET,5,v1/org/gbr/whatnow,2023-01-20 13:22:06
